[ {
  "idMeal" : "52767",
  "strMeal" : "Bakewell tart",
  "strCategory" : "Dessert",
  "strArea" : "British"
}, {
  "idMeal" : "52792",
  "strMeal" : "Bread and Butter Pudding",
  "strCategory" : "Dessert",
  "strArea" : "British"
}, {
  "idMeal" : "52803",
  "strMeal" : "Beef Wellington",
  "strCategory" : "Beef",
  "strArea" : "British"
}, {
  "idMeal" : "52807",
  "strMeal" : "Baingan Bharta",
  "strCategory" : "Vegetarian",
  "strArea" : "Indian"
}, {
  "idMeal" : "52812",
  "strMeal" : "Beef Brisket Pot Roast",
  "strCategory" : "Beef",
  "strArea" : "American"
}, {
  "idMeal" : "52824",
  "strMeal" : "Beef Sunday Roast",
  "strCategory" : "Beef",
  "strArea" : "British"
}, {
  "idMeal" : "52826",
  "strMeal" : "Braised Beef Chilli",
  "strCategory" : "Beef",
  "strArea" : "Mexican"
}, {
  "idMeal" : "52834",
  "strMeal" : "Beef stroganoff",
  "strCategory" : "Beef",
  "strArea" : "Russian"
}, {
  "idMeal" : "52842",
  "strMeal" : "Broccoli & Stilton soup",
  "strCategory" : "Starter",
  "strArea" : "British"
}, {
  "idMeal" : "52848",
  "strMeal" : "Bean & Sausage Hotpot",
  "strCategory" : "Miscellaneous",
  "strArea" : "British"
}, {
  "idMeal" : "52855",
  "strMeal" : "Banana Pancakes",
  "strCategory" : "Dessert",
  "strArea" : "American"
}, {
  "idMeal" : "52873",
  "strMeal" : "Beef Dumpling Stew",
  "strCategory" : "Beef",
  "strArea" : "British"
}, {
  "idMeal" : "52874",
  "strMeal" : "Beef and Mustard Pie",
  "strCategory" : "Beef",
  "strArea" : "British"
}, {
  "idMeal" : "52878",
  "strMeal" : "Beef and Oyster pie",
  "strCategory" : "Beef",
  "strArea" : "British"
}, {
  "idMeal" : "52891",
  "strMeal" : "Blackberry Fool",
  "strCategory" : "Dessert",
  "strArea" : "British"
}, {
  "idMeal" : "52894",
  "strMeal" : "Battenberg Cake",
  "strCategory" : "Dessert",
  "strArea" : "British"
}, {
  "idMeal" : "52904",
  "strMeal" : "Beef Bourguignon",
  "strCategory" : "Beef",
  "strArea" : "French"
}, {
  "idMeal" : "52913",
  "strMeal" : "Brie wrapped in prosciutto & brioche",
  "strCategory" : "Side",
  "strArea" : "French"
}, {
  "idMeal" : "52914",
  "strMeal" : "Boulangère Potatoes",
  "strCategory" : "Side",
  "strArea" : "French"
}, {
  "idMeal" : "52928",
  "strMeal" : "BeaverTails",
  "strCategory" : "Dessert",
  "strArea" : "Canadian"
}, {
  "idMeal" : "52940",
  "strMeal" : "Brown Stew Chicken",
  "strCategory" : "Chicken",
  "strArea" : "Jamaican"
}, {
  "idMeal" : "52952",
  "strMeal" : "Beef Lo Mein",
  "strCategory" : "Beef",
  "strArea" : "Chinese"
}, {
  "idMeal" : "52959",
  "strMeal" : "Baked salmon with fennel & tomatoes",
  "strCategory" : "Seafood",
  "strArea" : "British"
}, {
  "idMeal" : "52961",
  "strMeal" : "Budino Di Ricotta",
  "strCategory" : "Dessert",
  "strArea" : "Italian"
}, {
  "idMeal" : "52965",
  "strMeal" : "Breakfast Potatoes",
  "strCategory" : "Breakfast",
  "strArea" : "Canadian"
}, {
  "idMeal" : "52979",
  "strMeal" : "Bitterballen (Dutch meatballs)",
  "strCategory" : "Beef",
  "strArea" : "Dutch"
}, {
  "idMeal" : "52995",
  "strMeal" : "BBQ Pork Sloppy Joes",
  "strCategory" : "Pork",
  "strArea" : "American"
}, {
  "idMeal" : "52997",
  "strMeal" : "Beef Banh Mi Bowls with Sriracha Mayo, Carrot & Pickled Cucumber",
  "strCategory" : "Beef",
  "strArea" : "Vietnamese"
}, {
  "idMeal" : "53013",
  "strMeal" : "Big Mac",
  "strCategory" : "Beef",
  "strArea" : "American"
}, {
  "idMeal" : "53018",
  "strMeal" : "Bigos (Hunters Stew)",
  "strCategory" : "Pork",
  "strArea" : "Polish"
}, {
  "idMeal" : "53036",
  "strMeal" : "Boxty Breakfast",
  "strCategory" : "Pork",
  "strArea" : "Irish"
}, {
  "idMeal" : "53053",
  "strMeal" : "Beef Rendang",
  "strCategory" : "Beef",
  "strArea" : "Malaysian"
}, {
  "idMeal" : "53060",
  "strMeal" : "Burek",
  "strCategory" : "Side",
  "strArea" : "Croatian"
}, {
  "idMeal" : "53068",
  "strMeal" : "Beef Mechado",
  "strCategory" : "Beef",
  "strArea" : "Filipino"
}, {
  "idMeal" : "53069",
  "strMeal" : "Bistek",
  "strCategory" : "Beef",
  "strArea" : "Filipino"
}, {
  "idMeal" : "53070",
  "strMeal" : "Beef Caldereta",
  "strCategory" : "Beef",
  "strArea" : "Filipino"
}, {
  "idMeal" : "53071",
  "strMeal" : "Beef Asado",
  "strCategory" : "Beef",
  "strArea" : "Filipino"
}, {
  "idMeal" : "53076",
  "strMeal" : "Bread omelette",
  "strCategory" : "Breakfast",
  "strArea" : "Indian"
}, {
  "idMeal" : "53078",
  "strMeal" : "Beetroot Soup (Borscht)",
  "strCategory" : "Vegetarian",
  "strArea" : "Russian"
}, {
  "idMeal" : "53080",
  "strMeal" : "Blini Pancakes",
  "strCategory" : "Side",
  "strArea" : "Russian"
} ]