[ {
  "isbn" : "1",
  "titulo" : "Titulo 1",
  "autor" : "Autor 1",
  "paginas" : 111,
  "anyoPublicacion" : "2001"
}, {
  "isbn" : "2",
  "titulo" : "Titulo 2",
  "autor" : "Autor 2",
  "paginas" : 222,
  "anyoPublicacion" : "2002"
}, {
  "isbn" : "3",
  "titulo" : "Titulo 3",
  "autor" : "Autor 3",
  "paginas" : 333,
  "anyoPublicacion" : "2003"
}, {
  "isbn" : "4",
  "titulo" : "Titulo 4",
  "autor" : "Autor 4",
  "paginas" : 444,
  "anyoPublicacion" : "2004"
}, {
  "isbn" : "5",
  "titulo" : "Titulo 5",
  "autor" : "Autor 5",
  "paginas" : 555,
  "anyoPublicacion" : "2005"
} ]